{
    "AWSTemplateFormatVersion": "2010-09-09",
    "Description": "Create association for Powershell",
    "Parameters": {
        "Solution": {
            "Type": "String"
        },
        "CostCentre": {
            "Type": "String"
        },
        "Environment": {
            "Description": "Environment Code",
            "Default": "dev",
            "Type": "String"
        }
    },
    "Resources": {
        "association": {
            "Type": "AWS::SSM::Association",
            "Properties": {
                "Name": "AWS-RunPowerShellScript",
                "Parameters": {
                    "commands": [
                        "Write-Output \"#####################################################################################\"",
                        "Write-Output \" Installing Visual C Redistributable Components\"",
                        "md c:\\temp",
                        "wget https://s3-ap-southeast-2.amazonaws.com/p2pmedia/vcredist_x64.exe -OutFile c:\\temp\\vcredist_x64.exe",
                        "cd c:\\temp",
                        ".\\vcredist_x64.exe /q"
                    ]
                },
                "Targets": [
                    {
                        "Key": "tag:Environment",
                        "Values": [
                            {
                                "Ref": "Environment"
                            }
                        ]
                    }
                ]
            }
        }
    }
}