{
    "AWSTemplateFormatVersion": "2010-09-09",
    "Description": "Directory Services Server LB and Security Groups",
    "Parameters": {
        "Solution": {
            "Type": "String"
        },
        "CostCentre": {
            "Type": "String"
        },
        "Environment": {
            "Description": "Environment Code",
            "Default": "dev",
            "Type": "String"
        },
        "InstanceId1": {
            "Description": "AP01 Instance ID (leave empty if no created yet)",
            "Default": "",
            "Type": "String"
        },
        "InstanceId2": {
            "Description": "AP02 Instance ID (leave empty if no created yet)",
            "Default": "",
            "Type": "String"
        },
        "InstanceId3": {
            "Description": "AP03 Instance ID (leave empty if no created yet)",
            "Default": "",
            "Type": "String"
        },
        "CertificateArn": {
            "Description": "Arn of ACM Certificate",
            "Type": "String"
        }
    },
    "Conditions": {
        "NoInstance1": {
            "Fn::Equals": [
                {
                    "Ref": "InstanceId1"
                },
                ""
            ]
        },
        "NoInstance2": {
            "Fn::Equals": [
                {
                    "Ref": "InstanceId2"
                },
                ""
            ]
        },
        "NoInstance3": {
            "Fn::Equals": [
                {
                    "Ref": "InstanceId3"
                },
                ""
            ]
        }
    },
    "Resources": {
        "dsLb": {
            "Type": "AWS::ElasticLoadBalancingV2::LoadBalancer",
            "Properties": {
                "Scheme": "internet-facing",
                "Subnets": [
                    {
                        "Fn::ImportValue": "ControlledASubnet"
                    },
                    {
                        "Fn::ImportValue": "ControlledBSubnet"
                    },
                    {
                        "Fn::ImportValue": "ControlledCSubnet"
                    }
                ],
                "LoadBalancerAttributes": [
                    {
                        "Key": "idle_timeout.timeout_seconds",
                        "Value": "60"
                    }
                ],
                "SecurityGroups": [
                    {
                        "Ref": "dsLbSG"
                    }
                ],
                "Tags": [
                    {
                        "Key": "Name",
                        "Value": {
                            "Fn::Join": [
                                "",
                                [
                                    "p2p",
                                    {
                                        "Ref": "Environment"
                                    },
                                    "dslb"
                                ]
                            ]
                        }
                    }
                ]
            }
        },
        "dsLbSG": {
            "Type": "AWS::EC2::SecurityGroup",
            "Properties": {
                "GroupDescription": "Directory Services Server Load Balancer Security Group",
                "VpcId": {
                    "Fn::ImportValue": "VPC"
                },
                "SecurityGroupIngress": [
                    {
                        "CidrIp": "0.0.0.0/0",
                        "IpProtocol": "tcp",
                        "FromPort": "443",
                        "ToPort": "443"
                    },
                    {
                        "CidrIp": "0.0.0.0/0",
                        "IpProtocol": "tcp",
                        "FromPort": "8080",
                        "ToPort": "8080"
                    }
                ],
                "SecurityGroupEgress": [
                    {
                        "CidrIp": "0.0.0.0/0",
                        "FromPort": "0",
                        "IpProtocol": "TCP",
                        "ToPort": "65535"
                    }
                ],
                "Tags": [
                    {
                        "Key": "Name",
                        "Value": {
                            "Fn::Join": [
                                "",
                                [
                                    "p2p",
                                    {
                                        "Ref": "Environment"
                                    },
                                    "dslb"
                                ]
                            ]
                        }
                    }
                ]
            }
        },
        "dsSG": {
            "Type": "AWS::EC2::SecurityGroup",
            "Properties": {
                "GroupDescription": "Directory Services Server Instance Security Group",
                "VpcId": {
                    "Fn::ImportValue": "VPC"
                },
                "SecurityGroupIngress": [
                    {
                        "CidrIp": {
                            "Fn::ImportValue": "VPCCidrBlock"
                        },
                        "IpProtocol": "tcp",
                        "FromPort": "4440",
                        "ToPort": "4440"
                    },
                    {
                        "CidrIp": {
                            "Fn::ImportValue": "VPCCidrBlock"
                        },
                        "IpProtocol": "tcp",
                        "FromPort": "8989",
                        "ToPort": "8989"
                    },
                    {
                        "CidrIp": {
                            "Fn::ImportValue": "VPCCidrBlock"
                        },
                        "IpProtocol": "tcp",
                        "FromPort": "41616",
                        "ToPort": "41616"
                    }
                ],
                "Tags": [
                    {
                        "Key": "Name",
                        "Value": {
                            "Fn::Join": [
                                "",
                                [
                                    "p2p",
                                    {
                                        "Ref": "Environment"
                                    },
                                    "dslb"
                                ]
                            ]
                        }
                    }
                ]
            }
        },
        "dsSGIngress": {
            "Type": "AWS::EC2::SecurityGroupIngress",
            "Properties": {
                "GroupId": {
                    "Ref": "dsSG"
                },
                "IpProtocol": "tcp",
                "FromPort": "8080",
                "ToPort": "8080",
                "SourceSecurityGroupId": {
                    "Fn::GetAtt": [
                        "dsLbSG",
                        "GroupId"
                    ]
                }
            }
        },
        "dsLbListener": {
            "Type": "AWS::ElasticLoadBalancingV2::Listener",
            "Properties": {
                "DefaultActions": [
                    {
                        "Type": "forward",
                        "TargetGroupArn": {
                            "Ref": "dsLbTG"
                        }
                    }
                ],
                "LoadBalancerArn": {
                    "Ref": "dsLb"
                },
                "Port": "8080",
                "Protocol": "HTTP"
            }
        },
        "contentLbListener443": {
            "Type": "AWS::ElasticLoadBalancingV2::Listener",
            "Properties": {
                "DefaultActions": [
                    {
                        "Type": "forward",
                        "TargetGroupArn": {
                            "Ref": "dsLbTG"
                        }
                    }
                ],
                "LoadBalancerArn": {
                    "Ref": "dsLb"
                },
                "Port": "443",
                "Protocol": "HTTPS",
                "Certificates": [
                    {
                        "CertificateArn": {
                            "Ref": "CertificateArn"
                        }
                    }
                ]
            }
        },
        "dsLbTG": {
            "Type": "AWS::ElasticLoadBalancingV2::TargetGroup",
            "Properties": {
                "HealthCheckIntervalSeconds": 30,
                "HealthCheckProtocol": "HTTP",
                "HealthCheckPort": 8080,
                "HealthCheckPath": "/",
                "HealthCheckTimeoutSeconds": 5,
                "HealthyThresholdCount": 5,
                "Matcher": {
                    "HttpCode": "200"
                },
                "Name": {
                    "Fn::Join": [
                        "",
                        [
                            "p2p",
                            {
                                "Ref": "Environment"
                            },
                            "dslb"
                        ]
                    ]
                },
                "Port": 8080,
                "Protocol": "HTTP",
                "TargetGroupAttributes": [
                    {
                        "Key": "deregistration_delay.timeout_seconds",
                        "Value": "20"
                    },
                    {
                        "Key": "stickiness.enabled",
                        "Value": "true"
                    },
                    {
                        "Key": "stickiness.lb_cookie.duration_seconds",
                        "Value": 86400
                    }
                ],
                "UnhealthyThresholdCount": 2,
                "VpcId": {
                    "Fn::ImportValue": "VPC"
                },
                "Targets": [
                    {
                        "Fn::If": [
                            "NoInstance1",
                            {
                                "Ref": "AWS::NoValue"
                            },
                            {
                                "Id": {
                                    "Ref": "InstanceId1"
                                },
                                "Port": 8080
                            }
                        ]
                    },
                    {
                        "Fn::If": [
                            "NoInstance2",
                            {
                                "Ref": "AWS::NoValue"
                            },
                            {
                                "Id": {
                                    "Ref": "InstanceId2"
                                },
                                "Port": 8080
                            }
                        ]
                    },
                    {
                        "Fn::If": [
                            "NoInstance3",
                            {
                                "Ref": "AWS::NoValue"
                            },
                            {
                                "Id": {
                                    "Ref": "InstanceId3"
                                },
                                "Port": 8080
                            }
                        ]
                    }
                ],
                "Tags": [
                    {
                        "Key": "Name",
                        "Value": "Directory Services Server"
                    }
                ]
            }
        }
    },
    "Outputs": {
        "ALB": {
            "Description": "Directory Services Server DNS Name",
            "Value": {
                "Fn::GetAtt": [
                    "dsLb",
                    "DNSName"
                ]
            },
            "Export": {
                "Name": {
                    "Fn::Join": [
                        "",
                        [
                            "p2p",
                            {
                                "Ref": "Environment"
                            },
                            "dslbDNS"
                        ]
                    ]
                }
            }
        }
    }
}