{
    "$schema": "https://schema.management.azure.com/schemas/2015-01-01/deploymentTemplate.json#",
    "contentVersion": "1.0.0.0",
    "parameters": {
        "dnsZoneName": {
            "type": "string",
            "metadata": {
                "description": "The name of the DNS zone."
            }
        }
    },
    "resources": [
        {
            "type": "Microsoft.Network/dnszones",
            "name": "[parameters('dnsZoneName')]",
            "apiVersion": "2016-04-01",
            "location": "global",
            "properties": {}
        }
    ]
}